{
    "levels": [
        {
            "OrderId": 0,
            "MapId": 0,
            "PlayerData": {
                "Transform": {
                    "Position": {
                        "x": 0.0,
                        "y": 0.0,
                        "z": 9.0
                    },
                    "Rotation": {
                        "x": 0.0,
                        "y": 0.0,
                        "z": 0.0,
                        "w": 1.0
                    },
                    "LocalScale": {
                        "x": 1.0,
                        "y": 1.0,
                        "z": 1.0
                    }
                }
            },
            "listEnemy": [
                {
                    "Transform": {
                        "Position": {
                            "x": 4.900000095367432,
                            "y": 0.06036686897277832,
                            "z": -3.7100000381469728
                        },
                        "Rotation": {
                            "x": 0.0,
                            "y": 0.0,
                            "z": 0.0,
                            "w": 1.0
                        },
                        "LocalScale": {
                            "x": 1.0,
                            "y": 1.0,
                            "z": 1.0
                        }
                    },
                    "Type": 0
                },
                {
                    "Transform": {
                        "Position": {
                            "x": -5.150000095367432,
                            "y": 0.06036686897277832,
                            "z": 2.859999895095825
                        },
                        "Rotation": {
                            "x": 0.0,
                            "y": 0.0,
                            "z": 0.0,
                            "w": 1.0
                        },
                        "LocalScale": {
                            "x": 1.0,
                            "y": 1.0,
                            "z": 1.0
                        }
                    },
                    "Type": 0
                },
                {
                    "Transform": {
                        "Position": {
                            "x": -0.07000000029802323,
                            "y": 0.0,
                            "z": -17.940000534057618
                        },
                        "Rotation": {
                            "x": 0.0,
                            "y": 0.0,
                            "z": 0.0,
                            "w": 1.0
                        },
                        "LocalScale": {
                            "x": 1.0,
                            "y": 1.0,
                            "z": 1.0
                        }
                    },
                    "Type": 2
                },
                {
                    "Transform": {
                        "Position": {
                            "x": -8.619999885559082,
                            "y": 0.0,
                            "z": -18.579999923706056
                        },
                        "Rotation": {
                            "x": 0.0,
                            "y": 0.0,
                            "z": 0.0,
                            "w": 1.0
                        },
                        "LocalScale": {
                            "x": 1.0,
                            "y": 1.0,
                            "z": 1.0
                        }
                    },
                    "Type": 4
                }
            ]
        }
    ]
}